{"Mean":{"confidence_interval":{"confidence_level":0.95,"lower_bound":-0.01704739550842124,"upper_bound":0.008760373392429886},"point_estimate":-0.00411691001915182,"standard_error":0.006537142778696678},"Median":{"confidence_interval":{"confidence_level":0.95,"lower_bound":0.0011421064109444767,"upper_bound":0.004313116239243131},"point_estimate":0.0031219921027427766,"standard_error":0.0008304274191373477}}