{"Mean":{"confidence_interval":{"confidence_level":0.95,"lower_bound":0.02272028306507055,"upper_bound":0.05623299450663113},"point_estimate":0.040436760505461855,"standard_error":0.008618450834252734},"Median":{"confidence_interval":{"confidence_level":0.95,"lower_bound":0.04162856074025667,"upper_bound":0.054551629532322066},"point_estimate":0.049396056276240996,"standard_error":0.0031551827951076194}}