{"Mean":{"confidence_interval":{"confidence_level":0.95,"lower_bound":255.41827818631043,"upper_bound":257.9618868969092},"point_estimate":256.34980059052333,"standard_error":0.7153905782380814},"Median":{"confidence_interval":{"confidence_level":0.95,"lower_bound":255.07980348996713,"upper_bound":255.4123085649461},"point_estimate":255.17667077754288,"standard_error":0.0878734663963673},"MedianAbsDev":{"confidence_interval":{"confidence_level":0.95,"lower_bound":0.34914454271097284,"upper_bound":0.6660805554314525},"point_estimate":0.46839181886265263,"standard_error":0.07386708626644643},"Slope":{"confidence_interval":{"confidence_level":0.95,"lower_bound":255.3131095403386,"upper_bound":255.67018981697623},"point_estimate":255.4779644215029,"standard_error":0.09133937717297469},"StdDev":{"confidence_interval":{"confidence_level":0.95,"lower_bound":0.8012396185812771,"upper_bound":12.18938898108908},"point_estimate":7.208365533675372,"standard_error":3.7517416075329733}}