{"Mean":{"confidence_interval":{"confidence_level":0.95,"lower_bound":0.0018929573116909532,"upper_bound":0.012704955218076871},"point_estimate":0.007137967311376947,"standard_error":0.0027311366050375117},"Median":{"confidence_interval":{"confidence_level":0.95,"lower_bound":0.0064897367815044404,"upper_bound":0.008382906207839769},"point_estimate":0.007306654596797024,"standard_error":0.00047140266935483935}}