{"Mean":{"confidence_interval":{"confidence_level":0.95,"lower_bound":691.0789376231255,"upper_bound":699.0344934228657},"point_estimate":694.2658316449347,"standard_error":2.09036024831144},"Median":{"confidence_interval":{"confidence_level":0.95,"lower_bound":690.070330497962,"upper_bound":692.6393532434881},"point_estimate":691.472326840492,"standard_error":0.7072559415788746},"MedianAbsDev":{"confidence_interval":{"confidence_level":0.95,"lower_bound":4.753966714968531,"upper_bound":7.955905558537593},"point_estimate":6.164761474737255,"standard_error":0.8158313392213421},"Slope":{"confidence_interval":{"confidence_level":0.95,"lower_bound":691.3313260408141,"upper_bound":693.4872756598737},"point_estimate":692.3776190818066,"standard_error":0.5490946557661696},"StdDev":{"confidence_interval":{"confidence_level":0.95,"lower_bound":5.458479685571163,"upper_bound":34.04973289086381},"point_estimate":20.921353089993957,"standard_error":8.581933748267197}}