{"Mean":{"confidence_interval":{"confidence_level":0.95,"lower_bound":8.705948072301329,"upper_bound":8.805083136062368},"point_estimate":8.741704802968338,"standard_error":0.02851948596134095},"Median":{"confidence_interval":{"confidence_level":0.95,"lower_bound":8.6976556518969,"upper_bound":8.709427733874643},"point_estimate":8.702000681352734,"standard_error":0.0027239240152886037},"MedianAbsDev":{"confidence_interval":{"confidence_level":0.95,"lower_bound":0.016586628627408777,"upper_bound":0.02900339612863832},"point_estimate":0.024828198101348238,"standard_error":0.0030654471681016275},"Slope":{"confidence_interval":{"confidence_level":0.95,"lower_bound":8.70743991235639,"upper_bound":8.718330000970672},"point_estimate":8.712846541045206,"standard_error":0.0027841063408716115},"StdDev":{"confidence_interval":{"confidence_level":0.95,"lower_bound":0.024267784507698172,"upper_bound":0.48787596591184135},"point_estimate":0.28728502074050855,"standard_error":0.15548543707504323}}