{"Mean":{"confidence_interval":{"confidence_level":0.95,"lower_bound":0.22746348515610695,"upper_bound":0.2718053979750226},"point_estimate":0.2473277134607934,"standard_error":0.011272583375436612},"Median":{"confidence_interval":{"confidence_level":0.95,"lower_bound":0.23724041556116893,"upper_bound":0.26976429025455506},"point_estimate":0.2476164603954909,"standard_error":0.00780952871648276}}