{"Mean":{"confidence_interval":{"confidence_level":0.95,"lower_bound":554.0441189794084,"upper_bound":561.3524406180562},"point_estimate":556.6767907881309,"standard_error":2.1435187547185355},"Median":{"confidence_interval":{"confidence_level":0.95,"lower_bound":553.7494369972392,"upper_bound":554.6332322025069},"point_estimate":554.123929254612,"standard_error":0.2427221945424504},"MedianAbsDev":{"confidence_interval":{"confidence_level":0.95,"lower_bound":1.342054152464531,"upper_bound":2.0969542615806973},"point_estimate":1.7460355709491027,"standard_error":0.19615841503737086},"Slope":{"confidence_interval":{"confidence_level":0.95,"lower_bound":553.7845132304286,"upper_bound":554.4370926919194},"point_estimate":554.109474846513,"standard_error":0.16632412224443324},"StdDev":{"confidence_interval":{"confidence_level":0.95,"lower_bound":2.1297802474870107,"upper_bound":36.551108007736694},"point_estimate":21.44265769778866,"standard_error":11.883818757706328}}