{"Mean":{"confidence_interval":{"confidence_level":0.95,"lower_bound":-0.011616257543281704,"upper_bound":0.011498708199004793},"point_estimate":0.0004255141097135873,"standard_error":0.005830742493549837},"Median":{"confidence_interval":{"confidence_level":0.95,"lower_bound":0.002328790421049165,"upper_bound":0.0048449455714834055},"point_estimate":0.0035226681778646185,"standard_error":0.0006390233733323231}}