{"Mean":{"confidence_interval":{"confidence_level":0.95,"lower_bound":0.2605644713791279,"upper_bound":0.31125312461057897},"point_estimate":0.2871580174705466,"standard_error":0.012270998202086119},"Median":{"confidence_interval":{"confidence_level":0.95,"lower_bound":0.2570219321933078,"upper_bound":0.3122120991885897},"point_estimate":0.29753790300944005,"standard_error":0.01564533385186707}}