{"Mean":{"confidence_interval":{"confidence_level":0.95,"lower_bound":826.9233013750768,"upper_bound":841.2197205349719},"point_estimate":831.935641311208,"standard_error":4.346122725084255},"Median":{"confidence_interval":{"confidence_level":0.95,"lower_bound":825.3239649378411,"upper_bound":827.5989495519101},"point_estimate":826.4329991645782,"standard_error":0.6428694014937701},"MedianAbsDev":{"confidence_interval":{"confidence_level":0.95,"lower_bound":2.2968083007853104,"upper_bound":4.6501285863381145},"point_estimate":3.4886170530745217,"standard_error":0.6369155042952463},"Slope":{"confidence_interval":{"confidence_level":0.95,"lower_bound":826.4989424394288,"upper_bound":828.4498406807849},"point_estimate":827.3967746542357,"standard_error":0.4975491366413577},"StdDev":{"confidence_interval":{"confidence_level":0.95,"lower_bound":3.5997532790030324,"upper_bound":74.73329946993302},"point_estimate":43.712100596934356,"standard_error":25.340522437629005}}