{"Mean":{"confidence_interval":{"confidence_level":0.95,"lower_bound":417.99803300320775,"upper_bound":424.3449319827327},"point_estimate":420.3335422286842,"standard_error":1.806199171229018},"Median":{"confidence_interval":{"confidence_level":0.95,"lower_bound":416.9045492871378,"upper_bound":418.4802547622123},"point_estimate":417.5570487533124,"standard_error":0.3586018219219615},"MedianAbsDev":{"confidence_interval":{"confidence_level":0.95,"lower_bound":2.248576485709884,"upper_bound":4.028983102258739},"point_estimate":2.984285583809561,"standard_error":0.4284146314695132},"Slope":{"confidence_interval":{"confidence_level":0.95,"lower_bound":418.2997812764904,"upper_bound":419.8794300675167},"point_estimate":419.06658069701916,"standard_error":0.4029175105298488},"StdDev":{"confidence_interval":{"confidence_level":0.95,"lower_bound":2.9512512734660103,"upper_bound":30.934991294349977},"point_estimate":18.267415141664177,"standard_error":9.68456184952164}}