{"Mean":{"confidence_interval":{"confidence_level":0.95,"lower_bound":0.0008345425312406776,"upper_bound":0.02557922166299553},"point_estimate":0.013640769673232578,"standard_error":0.006242382268774782},"Median":{"confidence_interval":{"confidence_level":0.95,"lower_bound":0.01601456551849867,"upper_bound":0.025527885768111824},"point_estimate":0.020052633196703917,"standard_error":0.0023898976129443075}}