{"Mean":{"confidence_interval":{"confidence_level":0.95,"lower_bound":8631.214861740358,"upper_bound":8690.886050919858},"point_estimate":8653.708521779276,"standard_error":16.427558643890702},"Median":{"confidence_interval":{"confidence_level":0.95,"lower_bound":8626.990649616368,"upper_bound":8634.766403162055},"point_estimate":8631.148069715142,"standard_error":2.0381419299299637},"MedianAbsDev":{"confidence_interval":{"confidence_level":0.95,"lower_bound":13.754543599680996,"upper_bound":24.178441913932282},"point_estimate":18.755101686866716,"standard_error":2.6263200841158514},"Slope":{"confidence_interval":{"confidence_level":0.95,"lower_bound":8631.236341778964,"upper_bound":8643.498783922403},"point_estimate":8636.963312314878,"standard_error":3.1239925196441307},"StdDev":{"confidence_interval":{"confidence_level":0.95,"lower_bound":30.555084791823898,"upper_bound":277.6482549476132},"point_estimate":165.4605953177394,"standard_error":82.04554081593213}}