{"Mean":{"confidence_interval":{"confidence_level":0.95,"lower_bound":0.23656490859997747,"upper_bound":0.2869608679537115},"point_estimate":0.2621479968057847,"standard_error":0.013293918265256652},"Median":{"confidence_interval":{"confidence_level":0.95,"lower_bound":0.27144274702416604,"upper_bound":0.30748989234308133},"point_estimate":0.2889847775502836,"standard_error":0.010137796385616961}}