{"Mean":{"confidence_interval":{"confidence_level":0.95,"lower_bound":682.585133417453,"upper_bound":689.9215880048042},"point_estimate":685.5012667032383,"standard_error":1.9388192447291823},"Median":{"confidence_interval":{"confidence_level":0.95,"lower_bound":681.4067331573541,"upper_bound":682.2315504684561},"point_estimate":681.8704898443974,"standard_error":0.23414167918782766},"MedianAbsDev":{"confidence_interval":{"confidence_level":0.95,"lower_bound":1.2592371535172675,"upper_bound":2.5346012556048128},"point_estimate":1.7817058228270508,"standard_error":0.3149794572604209},"Slope":{"confidence_interval":{"confidence_level":0.95,"lower_bound":681.8397243555421,"upper_bound":683.3048220174456},"point_estimate":682.4979105434948,"standard_error":0.37365974943815033},"StdDev":{"confidence_interval":{"confidence_level":0.95,"lower_bound":3.051513692308947,"upper_bound":31.690449729782504},"point_estimate":19.393784452713955,"standard_error":8.161445864181633}}