{"Mean":{"confidence_interval":{"confidence_level":0.95,"lower_bound":-0.010037869582805739,"upper_bound":0.006237858847108069},"point_estimate":-0.0020791200196963455,"standard_error":0.004140682031274355},"Median":{"confidence_interval":{"confidence_level":0.95,"lower_bound":-0.0007034589686601412,"upper_bound":0.0017159320861743765},"point_estimate":0.0006708165467457228,"standard_error":0.000582135183806032}}