{"Mean":{"confidence_interval":{"confidence_level":0.95,"lower_bound":836.7819009922919,"upper_bound":866.4027644329003},"point_estimate":851.4741600806565,"standard_error":7.569751168376865},"Median":{"confidence_interval":{"confidence_level":0.95,"lower_bound":829.0821545102131,"upper_bound":866.4443149912547},"point_estimate":855.4740901632929,"standard_error":10.24038598690313},"MedianAbsDev":{"confidence_interval":{"confidence_level":0.95,"lower_bound":54.80278146224491,"upper_bound":92.9554856821685},"point_estimate":70.31562366741726,"standard_error":9.616720851849186},"Slope":{"confidence_interval":{"confidence_level":0.95,"lower_bound":832.9221672169401,"upper_bound":868.3937518396801},"point_estimate":849.9921096887044,"standard_error":9.035871958318335},"StdDev":{"confidence_interval":{"confidence_level":0.95,"lower_bound":65.08738749960442,"upper_bound":85.78112738604617},"point_estimate":76.01350686792902,"standard_error":5.2788779395656755}}