{"Mean":{"confidence_interval":{"confidence_level":0.95,"lower_bound":1565.6865941558883,"upper_bound":1630.7098802606654},"point_estimate":1598.3794825092314,"standard_error":16.63498698682151},"Median":{"confidence_interval":{"confidence_level":0.95,"lower_bound":1603.9347969684327,"upper_bound":1649.6543209876543},"point_estimate":1626.1030727353445,"standard_error":12.427040979206705},"MedianAbsDev":{"confidence_interval":{"confidence_level":0.95,"lower_bound":75.84586993614676,"upper_bound":152.35925089189624},"point_estimate":106.09190409903867,"standard_error":20.012992276046003},"Slope":{"confidence_interval":{"confidence_level":0.95,"lower_bound":1581.2971604562126,"upper_bound":1639.975287920319},"point_estimate":1611.2024362945513,"standard_error":14.98847094447063},"StdDev":{"confidence_interval":{"confidence_level":0.95,"lower_bound":138.9259794904573,"upper_bound":193.3689517161108},"point_estimate":166.82719880155514,"standard_error":13.877900050581557}}