{"Mean":{"confidence_interval":{"confidence_level":0.95,"lower_bound":-0.07556790987682369,"upper_bound":-0.03269938511428841},"point_estimate":-0.05176975075151602,"standard_error":0.010919031589495918},"Median":{"confidence_interval":{"confidence_level":0.95,"lower_bound":-0.042494156286982276,"upper_bound":-0.039243594393085},"point_estimate":-0.04089337166584561,"standard_error":0.0008701069752662802}}