{"Mean":{"confidence_interval":{"confidence_level":0.95,"lower_bound":-0.00421829165231506,"upper_bound":0.01419694190880061},"point_estimate":0.005721385782802013,"standard_error":0.004541817105163671},"Median":{"confidence_interval":{"confidence_level":0.95,"lower_bound":0.005064470671912291,"upper_bound":0.007356191680581391},"point_estimate":0.00606420296634691,"standard_error":0.0005562188864404901}}