{"Mean":{"confidence_interval":{"confidence_level":0.95,"lower_bound":0.20566692698820574,"upper_bound":0.24372593297569656},"point_estimate":0.22577144097714053,"standard_error":0.009682458670323761},"Median":{"confidence_interval":{"confidence_level":0.95,"lower_bound":0.22287376637567946,"upper_bound":0.25283499809036125},"point_estimate":0.24533174912941713,"standard_error":0.00850719702849041}}