{"Mean":{"confidence_interval":{"confidence_level":0.95,"lower_bound":257.48673988411804,"upper_bound":260.03717285292424},"point_estimate":258.41715395599977,"standard_error":0.7178214744740887},"Median":{"confidence_interval":{"confidence_level":0.95,"lower_bound":257.168572174367,"upper_bound":257.547806079995},"point_estimate":257.3810426146309,"standard_error":0.08489465456853282},"MedianAbsDev":{"confidence_interval":{"confidence_level":0.95,"lower_bound":0.6625644866063048,"upper_bound":1.1172460775630177},"point_estimate":0.9348360151798404,"standard_error":0.11345834456420176},"Slope":{"confidence_interval":{"confidence_level":0.95,"lower_bound":257.57501092609596,"upper_bound":258.0698680399966},"point_estimate":257.8168767889774,"standard_error":0.12690710157942162},"StdDev":{"confidence_interval":{"confidence_level":0.95,"lower_bound":0.8828228242975578,"upper_bound":12.227649400295025},"point_estimate":7.225796839053063,"standard_error":3.7784497432054334}}