{"Mean":{"confidence_interval":{"confidence_level":0.95,"lower_bound":308.06665985398837,"upper_bound":311.015268869974},"point_estimate":309.23398000861494,"standard_error":0.7857695226425689},"Median":{"confidence_interval":{"confidence_level":0.95,"lower_bound":307.8047722792821,"upper_bound":308.11253824022833},"point_estimate":307.9682343381119,"standard_error":0.08749438991582946},"MedianAbsDev":{"confidence_interval":{"confidence_level":0.95,"lower_bound":0.5360062649937886,"upper_bound":1.0018828740832006},"point_estimate":0.7348461160515207,"standard_error":0.11985340369477612},"Slope":{"confidence_interval":{"confidence_level":0.95,"lower_bound":308.0098390745788,"upper_bound":308.45340957135176},"point_estimate":308.2261542312934,"standard_error":0.11343069547720482},"StdDev":{"confidence_interval":{"confidence_level":0.95,"lower_bound":0.8048866524639662,"upper_bound":12.80662618170218},"point_estimate":7.909969353899365,"standard_error":3.3617490810672663}}