{"Mean":{"confidence_interval":{"confidence_level":0.95,"lower_bound":839.1594473866887,"upper_bound":853.3474448459584},"point_estimate":844.6799600522054,"standard_error":3.777921119306185},"Median":{"confidence_interval":{"confidence_level":0.95,"lower_bound":835.7340848403933,"upper_bound":841.9870596693027},"point_estimate":839.9276287855694,"standard_error":1.6400286294972706},"MedianAbsDev":{"confidence_interval":{"confidence_level":0.95,"lower_bound":8.233243929919476,"upper_bound":13.577720475914923},"point_estimate":10.729170509391711,"standard_error":1.3435818447289332},"Slope":{"confidence_interval":{"confidence_level":0.95,"lower_bound":839.1511005742105,"upper_bound":843.9336163767958},"point_estimate":841.3418394404652,"standard_error":1.2254709159763044},"StdDev":{"confidence_interval":{"confidence_level":0.95,"lower_bound":10.433302064062564,"upper_bound":62.47274032335726},"point_estimate":37.933595322990755,"standard_error":17.004248628053357}}