{"Mean":{"confidence_interval":{"confidence_level":0.95,"lower_bound":242.3238043179135,"upper_bound":249.255942020263},"point_estimate":245.85581999957395,"standard_error":1.7703395956155799},"Median":{"confidence_interval":{"confidence_level":0.95,"lower_bound":244.06290789146453,"upper_bound":250.11014387668206},"point_estimate":248.4258285711246,"standard_error":1.6902015347175572},"MedianAbsDev":{"confidence_interval":{"confidence_level":0.95,"lower_bound":11.33217714120359,"upper_bound":20.066830253043705},"point_estimate":15.509436851127326,"standard_error":2.3175163238129883},"Slope":{"confidence_interval":{"confidence_level":0.95,"lower_bound":243.25515242541573,"upper_bound":249.86524871568582},"point_estimate":246.4816613348856,"standard_error":1.6842795019317607},"StdDev":{"confidence_interval":{"confidence_level":0.95,"lower_bound":14.876390415989297,"upper_bound":20.441981085075366},"point_estimate":17.81465682550517,"standard_error":1.4204735849115404}}