{"Mean":{"confidence_interval":{"confidence_level":0.95,"lower_bound":-0.0073705139959314905,"upper_bound":0.008337867175101236},"point_estimate":0.0004354267229840225,"standard_error":0.003970633191436866},"Median":{"confidence_interval":{"confidence_level":0.95,"lower_bound":0.0003591563044347268,"upper_bound":0.003362933691745562},"point_estimate":0.001937504478964902,"standard_error":0.0007472202867322312}}