{"Mean":{"confidence_interval":{"confidence_level":0.95,"lower_bound":0.2676168337933722,"upper_bound":0.29982824058377444},"point_estimate":0.28292323420201226,"standard_error":0.0084136637557861},"Median":{"confidence_interval":{"confidence_level":0.95,"lower_bound":0.2764777342875857,"upper_bound":0.2954209342999467},"point_estimate":0.2857879289148755,"standard_error":0.005164420712459431}}