{"Mean":{"confidence_interval":{"confidence_level":0.95,"lower_bound":430.8320496047226,"upper_bound":443.6609884126039},"point_estimate":437.29583184948797,"standard_error":3.2863774539237918},"Median":{"confidence_interval":{"confidence_level":0.95,"lower_bound":434.25930734855245,"upper_bound":447.0402914435173},"point_estimate":440.09620538773436,"standard_error":2.7741936490030508},"MedianAbsDev":{"confidence_interval":{"confidence_level":0.95,"lower_bound":19.33461370731977,"upper_bound":37.43573045750373},"point_estimate":26.19925355028647,"standard_error":4.652641182510655},"Slope":{"confidence_interval":{"confidence_level":0.95,"lower_bound":435.621835581652,"upper_bound":446.6650065706746},"point_estimate":441.2672055537998,"standard_error":2.8172047239689753},"StdDev":{"confidence_interval":{"confidence_level":0.95,"lower_bound":27.284395725166366,"upper_bound":38.36038963701517},"point_estimate":33.048096075325425,"standard_error":2.8297425433259433}}