{"Mean":{"confidence_interval":{"confidence_level":0.95,"lower_bound":-0.0212457840758427,"upper_bound":-0.004047896928706033},"point_estimate":-0.01243569305243053,"standard_error":0.0043334694307656865},"Median":{"confidence_interval":{"confidence_level":0.95,"lower_bound":-0.012910590709982794,"upper_bound":-0.010638593407842234},"point_estimate":-0.011774096109246512,"standard_error":0.0005991484563161622}}