{"Mean":{"confidence_interval":{"confidence_level":0.95,"lower_bound":6605.908960959264,"upper_bound":6716.543129995908},"point_estimate":6652.553852598535,"standard_error":28.614706775377854},"Median":{"confidence_interval":{"confidence_level":0.95,"lower_bound":6595.198628841608,"upper_bound":6652.973333333333},"point_estimate":6615.090590186206,"standard_error":15.223366343976306},"MedianAbsDev":{"confidence_interval":{"confidence_level":0.95,"lower_bound":117.38473651230642,"upper_bound":196.41416941374652},"point_estimate":157.234057698436,"standard_error":20.832416871836987},"Slope":{"confidence_interval":{"confidence_level":0.95,"lower_bound":6605.0071255401945,"upper_bound":6662.521754914646},"point_estimate":6632.802841850155,"standard_error":14.659004261898},"StdDev":{"confidence_interval":{"confidence_level":0.95,"lower_bound":120.80291598820773,"upper_bound":451.5497623677105},"point_estimate":287.1047018286973,"standard_error":102.25278540400107}}