{"Mean":{"confidence_interval":{"confidence_level":0.95,"lower_bound":418.85918091884105,"upper_bound":425.46177053795367},"point_estimate":421.30678288129536,"standard_error":1.8268608587217043},"Median":{"confidence_interval":{"confidence_level":0.95,"lower_bound":418.0863853455051,"upper_bound":418.921525695045},"point_estimate":418.57474356649135,"standard_error":0.2579730942179082},"MedianAbsDev":{"confidence_interval":{"confidence_level":0.95,"lower_bound":1.1165434549530326,"upper_bound":1.9680592295081394},"point_estimate":1.5488012937217146,"standard_error":0.23314218021116015},"Slope":{"confidence_interval":{"confidence_level":0.95,"lower_bound":418.32399735102956,"upper_bound":421.5099659934675},"point_estimate":419.4534564274449,"standard_error":0.887547166224831},"StdDev":{"confidence_interval":{"confidence_level":0.95,"lower_bound":1.8448360422955445,"upper_bound":30.827572275961273},"point_estimate":18.321616807783492,"standard_error":9.249956631954221}}