{"Mean":{"confidence_interval":{"confidence_level":0.95,"lower_bound":550.5084835232944,"upper_bound":558.8402992662694},"point_estimate":553.6789019819003,"standard_error":2.2582188313247316},"Median":{"confidence_interval":{"confidence_level":0.95,"lower_bound":548.534887205171,"upper_bound":551.0589002504173},"point_estimate":549.9778185369025,"standard_error":0.65670079071904},"MedianAbsDev":{"confidence_interval":{"confidence_level":0.95,"lower_bound":3.50850578846863,"upper_bound":6.205973404145105},"point_estimate":4.622113014240266,"standard_error":0.7253281846503177},"Slope":{"confidence_interval":{"confidence_level":0.95,"lower_bound":549.5758048381028,"upper_bound":551.5096600205375},"point_estimate":550.5110921006136,"standard_error":0.49418467432557633},"StdDev":{"confidence_interval":{"confidence_level":0.95,"lower_bound":5.4124832409437404,"upper_bound":37.953014241401874},"point_estimate":22.773389653819724,"standard_error":10.946113585529162}}