{"Mean":{"confidence_interval":{"confidence_level":0.95,"lower_bound":307.9992785202444,"upper_bound":311.42656725099465},"point_estimate":309.2629674919241,"standard_error":0.9541190444061644},"Median":{"confidence_interval":{"confidence_level":0.95,"lower_bound":307.6442703078204,"upper_bound":307.9342375301151},"point_estimate":307.764988895829,"standard_error":0.08462968681606382},"MedianAbsDev":{"confidence_interval":{"confidence_level":0.95,"lower_bound":0.5591466983804174,"upper_bound":1.0464767496911558},"point_estimate":0.7619293452728705,"standard_error":0.13302767674448673},"Slope":{"confidence_interval":{"confidence_level":0.95,"lower_bound":307.8629107358241,"upper_bound":308.3326064716846},"point_estimate":308.0943357737752,"standard_error":0.11951953163729716},"StdDev":{"confidence_interval":{"confidence_level":0.95,"lower_bound":0.934216063876741,"upper_bound":16.289796645079317},"point_estimate":9.658201630880006,"standard_error":4.938140978543277}}