{"Mean":{"confidence_interval":{"confidence_level":0.95,"lower_bound":0.26807532583565685,"upper_bound":0.3093973380969209},"point_estimate":0.2892188168293932,"standard_error":0.0105124736779984},"Median":{"confidence_interval":{"confidence_level":0.95,"lower_bound":0.27843349901136594,"upper_bound":0.32241534338754185},"point_estimate":0.302461626073004,"standard_error":0.008550881635553077}}