{"Mean":{"confidence_interval":{"confidence_level":0.95,"lower_bound":11.677074081160265,"upper_bound":11.931799615484206},"point_estimate":11.775746255447384,"standard_error":0.06819886047998498},"Median":{"confidence_interval":{"confidence_level":0.95,"lower_bound":11.597883619414214,"upper_bound":11.624792571557073},"point_estimate":11.60814767678368,"standard_error":0.00740840697328141},"MedianAbsDev":{"confidence_interval":{"confidence_level":0.95,"lower_bound":0.023124729559918653,"upper_bound":0.05311099584627097},"point_estimate":0.03159018245428923,"standard_error":0.007362683278320583},"Slope":{"confidence_interval":{"confidence_level":0.95,"lower_bound":11.662360517638627,"upper_bound":11.763281918646541},"point_estimate":11.70749367843613,"standard_error":0.025846049243883593},"StdDev":{"confidence_interval":{"confidence_level":0.95,"lower_bound":0.18946917753370487,"upper_bound":1.137202094937406},"point_estimate":0.6890704254236614,"standard_error":0.31638365784271033}}