{"Mean":{"confidence_interval":{"confidence_level":0.95,"lower_bound":13.761062857306815,"upper_bound":14.115211033313592},"point_estimate":13.926554042297301,"standard_error":0.09040818722290617},"Median":{"confidence_interval":{"confidence_level":0.95,"lower_bound":13.846897779202841,"upper_bound":14.01608620680838},"point_estimate":13.947755189027863,"standard_error":0.03989484945909893},"MedianAbsDev":{"confidence_interval":{"confidence_level":0.95,"lower_bound":0.3963790738106876,"upper_bound":0.7450141118910781},"point_estimate":0.5398083979506706,"standard_error":0.08339517512028854},"Slope":{"confidence_interval":{"confidence_level":0.95,"lower_bound":13.820388161805798,"upper_bound":14.078802108089848},"point_estimate":13.956418876490115,"standard_error":0.06600578985914747},"StdDev":{"confidence_interval":{"confidence_level":0.95,"lower_bound":0.5895253571691154,"upper_bound":1.2784347102781959},"point_estimate":0.909880446356268,"standard_error":0.19755775915672671}}