{"Mean":{"confidence_interval":{"confidence_level":0.95,"lower_bound":6146.683540283132,"upper_bound":6286.372320537295},"point_estimate":6216.153635546323,"standard_error":35.65313940287354},"Median":{"confidence_interval":{"confidence_level":0.95,"lower_bound":6146.056228316925,"upper_bound":6239.853615520282},"point_estimate":6196.672834781459,"standard_error":25.387062124662883},"MedianAbsDev":{"confidence_interval":{"confidence_level":0.95,"lower_bound":217.5380430145321,"upper_bound":368.81604704467884},"point_estimate":279.2614277959551,"standard_error":37.981286886641115},"Slope":{"confidence_interval":{"confidence_level":0.95,"lower_bound":6083.152748408234,"upper_bound":6219.091834689545},"point_estimate":6151.70116952823,"standard_error":34.784964456693544},"StdDev":{"confidence_interval":{"confidence_level":0.95,"lower_bound":293.59958549322505,"upper_bound":414.84319283459376},"point_estimate":357.3692104736925,"standard_error":30.873880625116165}}