{"Mean":{"confidence_interval":{"confidence_level":0.95,"lower_bound":-0.09971353845589458,"upper_bound":-0.07118380557958047},"point_estimate":-0.08735446630935095,"standard_error":0.006940223292623846},"Median":{"confidence_interval":{"confidence_level":0.95,"lower_bound":-0.09162288509688932,"upper_bound":-0.08881673142465385},"point_estimate":-0.09022568909622786,"standard_error":0.0007246939022669792}}