{"Mean":{"confidence_interval":{"confidence_level":0.95,"lower_bound":3207.367498273546,"upper_bound":3324.531553765176},"point_estimate":3264.9516280938387,"standard_error":29.86047217832128},"Median":{"confidence_interval":{"confidence_level":0.95,"lower_bound":3226.1360839667027,"upper_bound":3302.623660969139},"point_estimate":3253.7251557940854,"standard_error":18.83117216701191},"MedianAbsDev":{"confidence_interval":{"confidence_level":0.95,"lower_bound":176.04836959438632,"upper_bound":317.1166318710983},"point_estimate":254.17264019722853,"standard_error":38.8773690990329},"Slope":{"confidence_interval":{"confidence_level":0.95,"lower_bound":3116.1351599060135,"upper_bound":3229.227058043868},"point_estimate":3173.4154334240366,"standard_error":28.83874501207067},"StdDev":{"confidence_interval":{"confidence_level":0.95,"lower_bound":235.33797240364302,"upper_bound":363.900476452934},"point_estimate":299.4897832122892,"standard_error":33.14412536043155}}